<!DOCTYPE mapper PUBLIC "-//mybatis.org//DTD Mapper 3.0//EN"
        "http://mybatis.org/dtd/mybatis-3-mapper.dtd">

<mapper namespace="com.gym.GYM.board.dao.BoardDAO">

    <select id="boardNoticeList" resultType="board">
        SELECT * FROM BOARD WHERE ROWNUM <![CDATA[<]]> 4 AND BOARDNOTICE = 'notice' ORDER BY BOARDNO DESC
    </select>

    <select id="boardNormalList" resultType="board">
        SELECT * FROM BOARD WHERE BOARDNOTICE = 'normal' ORDER BY BOARDNO DESC
    </select>

    <insert id="boardRegist" parameterType="board">
        INSERT INTO BOARD
        VALUES (BOARD_SEQ.NEXTVAL, #{boardType}, #{boardNotice}, SYSDATE, #{boardTitle}, #{boardWriter},
                #{boardContent}, #{boardUploadFileName}, 0)
    </insert>

    <update id="count" parameterType="int">
        UPDATE BOARD
        SET BOARDHITS = BOARDHITS + 1
        WHERE BOARDNO = #{boardNo}
    </update>

    <select id="boardView" parameterType="int" resultType="board">
        SELECT *
        FROM BOARD
        WHERE BOARDNO = #{boardNo}
    </select>

    <update id="BoardModify" parameterType="board">
        UPDATE BOARD
        SET BOARDTYPE=#{boardType},
            BOARDNOTICE=#{boardNotice},
            BOARDTITLE=#{boardTitle},
            BOARDWRITER=#{boardWriter},
            BOARDCONTENT=#{boardContent},
            BOARDUPLOADFILENAME=#{boardUploadFileName}
        WHERE BOARDNO = #{boardNo}
    </update>

    <delete id="boardDelete" parameterType="board">
        DELETE FROM BOARD WHERE BOARDNO = #{boardNo}
    </delete>


    <select id="boardCSList" parameterType="String" resultType="board">
        SELECT ROWNUM,BOARD.* FROM BOARD WHERE BOARDTYPE ='QnA' AND BOARDWRITER = #{boardWriter} ORDER BY BOARDNO DESC
    </select>

    <insert id="boardCSRegist" parameterType = "board" >
        INSERT INTO BOARD VALUES(BOARD_SEQ.NEXTVAL, 'QnA', '문의처리중', SYSDATE, #{boardTitle}, #{boardWriter},
                                 #{boardContent}, 'null', 0)
    </insert>

    <delete id="boardCSDelete" parameterType="board">
        DELETE FROM BOARD WHERE BOARDNO = #{boardNo}
    </delete>


</mapper>